clip_id,label
c118497,0.286608
c419608,0.190336
c829572,0.816705
c788546,0.480130
c726871,0.139364
c342097,0.639554
c809560,0.889724
c864957,0.279229
c173835,0.138756
c206068,0.425354
c176063,0.169302
c161696,0.226799
c243212,0.829796
c666319,0.294316
c449515,0.884714
c702987,0.224677
c590156,0.019062
c431255,0.908398
c392300,0.808211
c784742,0.712561
c403380,0.147891
c982364,0.817208
c627021,0.123707
c137442,0.121172
c738299,0.112136
c250119,0.223802
c776545,0.436816
c126594,0.148946
c136250,0.045573
c167290,0.237885
c241013,0.199508
c200594,0.696557
c831189,0.081955
c764556,0.708142
c677924,0.873235
c876574,0.813886
c293801,0.209393
c699320,0.131793
c125802,0.915597
c285891,0.927872
c960211,0.777302
c887538,0.467161
c526618,0.861515
c596090,0.676859
c891806,0.820965
c391340,0.029421
c877258,0.112297
c958186,0.949534
c800874,0.934602
c885401,0.575199
c490165,0.917610
c466956,0.660597
c883258,0.290936
c912627,0.870443
c246257,0.115329
c914319,0.061058
c318345,0.033120
c658437,0.144749
c783327,0.889793
c418225,0.144856
c220490,0.986419
c611681,0.480793
c650363,0.017003
c661618,0.268322
c454189,0.582902
c441848,0.368848
c442530,0.635437
c291347,0.147929
c246860,0.015923
c220285,0.130861
c845163,0.084086
c765650,0.128059
c763557,0.332235
c892081,0.509666
c849944,0.599697
c326344,0.025022
c174981,0.737854
c145352,0.401968
c929422,0.898436
c303800,0.357244
c152388,0.138272
c588486,0.089055
c111769,0.347854
c571333,0.488709
c598092,0.877750
c232567,0.840702
c762966,0.676469
c496101,0.552074
c366005,0.655303
c973971,0.292788
c604652,0.212512
c170818,0.294434
c105255,0.825560
c909621,0.586270
c822500,0.739060
c754298,0.077158
c204196,0.067517
c796849,0.123483
c297566,0.220630
c181933,0.530444
c885565,0.126416
c247410,0.200009
c458189,0.865672
c848753,0.489403
c292347,0.161435
c113340,0.420270
c221067,0.893565
c388948,0.094680
c764147,0.624100
c842286,0.096109
c926726,0.098312
c225037,0.240621
c900965,0.273425
c103124,0.342037
c383531,0.204289
c786459,0.103396
c840929,0.263533
c137541,0.133128
c116147,0.889571
c268597,0.355079
c336493,0.896795
c672194,0.295062
c356079,0.115331
c347329,0.150409
c765716,0.439321
c466904,0.588635
c374415,0.088449
c682727,0.926644
c364993,0.125856
c575881,0.379063
c635790,0.783961
c680171,0.598554
c645180,0.704443
c858676,0.084678
c977533,0.886623
c759447,0.082680
c513200,0.065575
c606395,0.356483
c790808,0.283876
c261627,0.104405
c619522,0.098704
c152088,0.152653
c932099,0.082198
c244928,0.155949
c622376,0.876475
c609966,0.091525
c260381,0.126168
c162012,0.258579
c883609,0.207986
c403506,0.215665
c523795,0.754377
c233658,0.127019
c446810,0.971572
c296900,0.041516
c722348,0.129919
c280111,0.885207
c524240,0.090016
c562615,0.175048
c782903,0.052772
c921070,0.776141
c162733,0.212264
c881603,0.163459
c773376,0.353553
c144501,0.797376
c298269,0.036150
c582506,0.267700
c404044,0.376228
c777952,0.897940
c147594,0.120691
c360542,0.160452
c985723,0.098237
c523809,0.880891
c576097,0.865892
c769300,0.760519
c369471,0.081595
c741442,0.777885
c595349,0.068296
c450407,0.123268
c709460,0.049894
c507668,0.189037
c614772,0.815846
c852589,0.822637
c196177,0.095581
c171592,0.926336
c869690,0.143842
c206758,0.237850
c413694,0.962165
c516892,0.186700
c341836,0.115140
c478771,0.935227
c838415,0.222632
c112519,0.241839
c887794,0.099200
c524984,0.076664
c416536,0.195498
c204788,0.884423
c274457,0.858838
c877115,0.049940
c422161,0.196676
c681469,0.155274
c966609,0.196870
c537258,0.101976
c776328,0.417103
c429275,0.408871
c822962,0.833966
c713604,0.281492
c806454,0.154574
c111654,0.883729
c114461,0.145182
c343321,0.901118
c481471,0.119284
c871554,0.155586
c663719,0.027646
c876766,0.770457
c782064,0.098891
c874121,0.284318
c398309,0.147666
c519402,0.038845
c420024,0.541496
c546733,0.268428
c115206,0.685898
c734248,0.144732
c919992,0.321020
c673758,0.890906
c389232,0.189072
c925000,0.259405
c384253,0.605855
c976036,0.097022
c799495,0.083417
c623584,0.039632
c410140,0.141004
c704039,0.405351
c297264,0.412182
c307831,0.150148
c598762,0.306870
c110730,0.134219
c522162,0.085670
c603299,0.485058
c930042,0.469017
c738688,0.753972
c298597,0.108604
c559554,0.731911
c426474,0.893367
c525112,0.948788
c224493,0.126585
c281464,0.666669
c459664,0.109366
c276256,0.135173
c823969,0.115736
c748283,0.365945
c131912,0.139868
c467387,0.978051
c768674,0.596431
c324210,0.564708
c468529,0.230908
c826712,0.282297
c320218,0.096067
c552974,0.159325
c765888,0.048126
c689396,0.804507
c666252,0.120669
c904951,0.928504
c629240,0.216657
c837600,0.807143
c700526,0.729347
c503959,0.109987
c455353,0.262606
c620052,0.220708
c630747,0.129727
c586817,0.878695
c732118,0.084860
c696645,0.164133
c415803,0.571700
c396917,0.488245
c147388,0.691449
c423294,0.417290
c386713,0.782916
c442120,0.600398
c764483,0.140416
c238086,0.023238
c461267,0.185593
c294495,0.853726
c171593,0.468200
c863720,0.699541
c911213,0.700867
c900563,0.280036
c326982,0.877706
c611207,0.765536
c533174,0.914494
c515364,0.287452
c136811,0.958436
c776489,0.115274
c703938,0.262430
c385512,0.378020
c193275,0.242216
c331780,0.637757
c216522,0.140027
c948769,0.915523
c497248,0.167565
c252436,0.235395
c461749,0.262543
c519157,0.345576
c233420,0.883536
c249666,0.899357
c654937,0.878607
c438049,0.080865
c576310,0.141678
c880574,0.425037
c248403,0.177142
c647285,0.857146
c855710,0.247380
c739289,0.115955
c434413,0.305848
c835702,0.960746
c550117,0.754080
c325955,0.544108
c362493,0.233891
c130765,0.690849
c639364,0.661475
c949213,0.431978
c517221,0.161676
c324768,0.103500
c559691,0.686032
c245605,0.721580
c482021,0.111899
c340479,0.103644
c359196,0.390691
c244511,0.043844
c643853,0.550829
c137889,0.242935
c399678,0.328370
c884386,0.288073
c842020,0.048206
c586486,0.085185
c553093,0.204511
c709061,0.215273
c927961,0.756548
c557016,0.721325
c955600,0.957609
c242824,0.111701
c696754,0.872356
c772968,0.393630
c702501,0.218360
c644531,0.214834
c510808,0.111359
c588112,0.611048
c522740,0.640763
c967377,0.026101
c923895,0.066939
c397150,0.866913
c588866,0.309407
c367671,0.551046
c957881,0.119602
c942022,0.029247
c394159,0.198348
c189261,0.957507
c701137,0.091509
c812812,0.369372
c930441,0.620159
c879791,0.086326
c502742,0.112865
c452586,0.042909
c178125,0.960234
c179475,0.167492
c823405,0.325294
c672739,0.195918
c568047,0.207593
c873490,0.075491
c158965,0.288718
c428003,0.097558
c145395,0.910527
c139120,0.504759
c565564,0.089674
c535259,0.878507
c856624,0.211862
c711698,0.855581
c518289,0.151042
c326971,0.788831
c341721,0.282763
c217429,0.114219
c462241,0.013754
c861180,0.041127
c442328,0.131765
c898869,0.124735
c724513,0.612542
c441764,0.165981
c748216,0.827693
c170667,0.494638
c815767,0.206953
c192361,0.946023
c919436,0.632070
c679226,0.981300
c919502,0.577197
c573933,0.126827
c861642,0.192406
c949569,0.882849
c188238,0.538038
c710479,0.837311
c297695,0.065943
c410448,0.177471
c215808,0.620589
c793617,0.531327
c468151,0.154244
c545336,0.798378
c892595,0.047220
c257757,0.123752
c753616,0.715628
c392909,0.592998
c944525,0.050384
c619955,0.031632
c130660,0.247058
c127884,0.304962
c696750,0.536642
c723212,0.133963
c385496,0.065339
c441330,0.296885
c718605,0.212663
c726092,0.172133
c634489,0.645053
c964966,0.825136
c988865,0.504367
c889309,0.522886
c253305,0.721089
c289240,0.152402
c163440,0.175580
c447726,0.923735
c267572,0.385984
c702827,0.062333
c265317,0.704937
c799048,0.289477
c380721,0.176515
c363523,0.237732
c995650,0.220334
c436194,0.316548
c777122,0.164848
c239995,0.434058
c192085,0.050985
c179375,0.068999
c408393,0.144798
c968351,0.198806
c439164,0.286245
c720298,0.758901
c941277,0.159649
c776968,0.236468
c916146,0.827448
c846308,0.846432
c426232,0.936903
c287257,0.318019
c113709,0.785904
c349667,0.275954
c319081,0.139289
c123182,0.959681
c328462,0.788725
c703488,0.222662
c370364,0.862676
c637990,0.480074
c298362,0.885329
c877134,0.542693
c350035,0.349153
c459296,0.232400
c573423,0.595800
c966360,0.933778
c448283,0.415020
c297862,0.325045
c931430,0.889370
c288657,0.810604
c392500,0.504690
c150281,0.819713
c942886,0.504252
c652898,0.832394
c250662,0.850460
c662327,0.698464
c239371,0.258690
c107522,0.694252
c282040,0.213268
c379644,0.051706
c413347,0.625728
c720989,0.935795
c529299,0.174868
c960650,0.450533
c399587,0.049652
c969089,0.936791
c492089,0.080250
c864742,0.878520
c590868,0.041172
c120559,0.371958
c801465,0.807251
c679377,0.685274
c146463,0.135084
c958542,0.372249
c744413,0.354424
c435065,0.586225
c202523,0.069029
c543786,0.115498
c811414,0.752544
c971118,0.173125
c644429,0.757756
c202606,0.275349
c344467,0.615989
c625037,0.215237
c225238,0.082300
c113695,0.177827
c829939,0.376669
c925175,0.155052
c735854,0.053659
c423585,0.100289
c225167,0.679167
c496702,0.249803
c764731,0.227664
c328290,0.315252
c951872,0.926540
c623574,0.206738
c245647,0.689650
c405685,0.049999
c647961,0.271916
c774166,0.098298
c580661,0.095539
c754593,0.194147
c693533,0.970100
c783395,0.816937
c237810,0.199856
c186476,0.087619
c107917,0.117230
c651819,0.039567
c550770,0.242288
c193864,0.661012
c999607,0.899848
c412563,0.170133
c891728,0.657032
c547951,0.167376
c870670,0.169793
c124935,0.840200
c504624,0.113974
c935462,0.242362
c472041,0.837309
c133472,0.025760
c894249,0.223655
c536041,0.112110
c699314,0.952117
c694413,0.155270
c676080,0.073080
c632998,0.242009
c321126,0.860119
c375769,0.177394
c628411,0.194430
c319214,0.741008
c453904,0.266025
c504519,0.174592
c947679,0.506720
c679015,0.085844
c551032,0.121835
c149812,0.037585
c365143,0.232566
c961059,0.403793
c397779,0.210701
c489458,0.024105
c598033,0.413410
c329900,0.060305
c567928,0.372925
c818583,0.137204
c979614,0.278868
c974416,0.144993
c646654,0.026049
c846874,0.541022
c411138,0.698010
c942842,0.838704
c280514,0.124646
c264765,0.070709
c321879,0.553957
c903732,0.288679
c200764,0.150442
c133141,0.372575
c266649,0.730129
c948488,0.487755
c989617,0.938146
c502145,0.301542
c663884,0.221666
c890155,0.167618
c538804,0.751377
c784625,0.120386
c423084,0.858754
c364291,0.221952
c380422,0.042870
c881547,0.112035
c397210,0.159486
c920995,0.877752
c619089,0.478158
c378430,0.720178
c296367,0.873020
c996655,0.279908
c938461,0.303146
c459551,0.171966
c649168,0.179787
c149415,0.194785
c223887,0.778388
c751760,0.938453
c788426,0.474343
c134229,0.944759
c116679,0.055515
c195642,0.716013
c546123,0.562745
c668977,0.788861
c625807,0.889435
c371276,0.939649
c391388,0.142303
c265303,0.135261
c631271,0.122483
c802590,0.397849
c819004,0.066236
c486776,0.372630
c758090,0.286055
c462580,0.929037
c400553,0.108795
c777026,0.139615
c575126,0.245066
c122084,0.729615
c982725,0.173664
c314429,0.253953
c423400,0.927060
c154893,0.263927
c828606,0.026544
c617261,0.982146
c943439,0.171174
c812682,0.356606
c273895,0.493129
c815585,0.256510
c478339,0.104025
c291938,0.461259
c745721,0.089616
c165294,0.569787
c431865,0.765825
c300468,0.338362
c138202,0.088467
c465444,0.789230
c741160,0.946273
c186357,0.784586
c525707,0.176335
c531294,0.142816
c298040,0.877746
c572319,0.456406
c945472,0.159532
c976120,0.084279
c447262,0.130886
c378419,0.567890
c789884,0.796150
c420940,0.019540
c381458,0.363534
c122495,0.196796
c916633,0.169790
c892299,0.921730
c557408,0.108897
c165505,0.116107
c771485,0.096851
c224699,0.752220
c646090,0.112296
c746502,0.129456
c487234,0.341437
c589616,0.321846
c305881,0.302104
c607840,0.868735
c203278,0.224901
c181417,0.155956
c842719,0.314338
c725115,0.014227
c503536,0.349061
c490590,0.162424
c540189,0.650769
c321339,0.878443
c140913,0.038580
c342117,0.635884
c289381,0.385341
c568437,0.582778
c432705,0.135541
c570054,0.188798
c341454,0.686476
c234550,0.242870
c497235,0.016104
c685914,0.562813
c676978,0.503552
c580626,0.131061
c132246,0.016108
c455835,0.824838
c219095,0.179761
c503994,0.098959
c346378,0.426990
c937660,0.186703
c580853,0.550916
c922305,0.667997
c299886,0.905083
c252961,0.125245
c482560,0.336288
c197853,0.972573
c173010,0.266658
c357096,0.288272
c346732,0.020978
c374020,0.208150
c978255,0.963791
c216781,0.423894
c826680,0.454037
c853134,0.432263
c434248,0.158841
c500860,0.884266
c307896,0.209898
c440834,0.137228
c262317,0.126597
c936379,0.604609
c704446,0.349836
c567594,0.268721
c228332,0.460693
c964186,0.195007
c718903,0.065428
c589736,0.093384
c541667,0.399225
c512696,0.337209
c451897,0.180195
c276506,0.124677
c508358,0.199161
c443922,0.920680
c574738,0.760969
c842517,0.241213
c315514,0.673897
c954917,0.659366
c910838,0.440422
c932655,0.906075
c238217,0.069581
c492257,0.654031
c551965,0.407179
c417287,0.212788
c606902,0.188274
c845789,0.131208
c330325,0.286398
c298303,0.227418
c128830,0.720587
c264187,0.070486
c762823,0.189832
c596335,0.152873
c158745,0.096506
c853707,0.286026
c424150,0.317251
c754446,0.111821
c684581,0.145495
c162205,0.133903
c330559,0.809697
c312226,0.209586
c116659,0.137870
c226608,0.473727
c249793,0.729363
c646922,0.849977
c443053,0.204867
c777979,0.505048
c204663,0.937509
c333304,0.143173
c549285,0.190669
c225893,0.741972
c929902,0.101602
c214074,0.492899
c296754,0.259160
c179322,0.075467
c220525,0.102053
c435042,0.742442
c572143,0.070362
c483135,0.697298
c830699,0.061592
c421763,0.051642
c903146,0.888715
c659054,0.229917
c176794,0.959876
c239467,0.266329
c161977,0.179694
c943960,0.727976
c193433,0.124059
c193249,0.242526
c929195,0.713533
c190121,0.218192
c754048,0.409498
c693772,0.257085
c414373,0.314557
c359347,0.934929
c311576,0.294916
c613757,0.091019
c173799,0.855085
c576379,0.308110
c949307,0.160505
c612786,0.211929
c276483,0.704830
c623112,0.375141
c296198,0.365781
c167723,0.185735
c621170,0.156960
c583453,0.932706
c628524,0.141260
c164401,0.652570
c285798,0.247712
c801048,0.829267
c997518,0.790292
c918348,0.814698
c476144,0.065293
c667288,0.173746
c475536,0.144809
c900047,0.142558
c453145,0.073909
c958733,0.807064
c604677,0.683371
c915017,0.936996
c636682,0.818997
c650024,0.066669
c674525,0.128096
c229875,0.160514
c284197,0.167605
c156398,0.510741
c454520,0.059888
c786114,0.561686
c827618,0.198123
c793921,0.098629
c929127,0.086405
c924193,0.428623
c200312,0.922631
c601238,0.229746
c674667,0.849672
c476899,0.125989
c240936,0.094000
c636517,0.172820
c445089,0.402377
c374836,0.324499
c882186,0.919069
c331095,0.108046
c728675,0.224936
c948629,0.098892
c375531,0.553204
c104010,0.284829
c907110,0.071909
c166673,0.121012
c659128,0.154837
c276850,0.070094
c434363,0.778417
c228013,0.351987
c134629,0.783566
c478122,0.232127
c910191,0.973704
c290068,0.878141
c969724,0.121710
c556092,0.376435
c278815,0.868808
c315350,0.889430
c686528,0.326260
c256161,0.872328
c334660,0.491164
c793061,0.726644
c124398,0.682982
c653786,0.834914
c753487,0.070594
c359474,0.173043
c128464,0.332599
c937435,0.122996
c772292,0.437090
c961872,0.086019
c599257,0.486436
c607753,0.235511
c601721,0.238565
c884000,0.118095
c834820,0.020565
c514655,0.242047
c275219,0.845803
c429619,0.083390
c103516,0.376168
c757067,0.933899
c829369,0.914184
c231464,0.147394
c583916,0.657299
c615750,0.192824
c303163,0.852053
c492898,0.272514
c955903,0.148995
c443280,0.886067
c567608,0.515323
c310292,0.525678
c150511,0.154098
c418840,0.059615
c154817,0.158007
c967653,0.862022
c145859,0.296221
c959177,0.876312
c597624,0.185837
c605414,0.101278
c900807,0.055525
c500468,0.288673
c716497,0.151943
c278290,0.134963
c741897,0.866127
c451538,0.402118
c325961,0.207591
c200979,0.129512
c142326,0.086057
c940401,0.072335
c715305,0.267367
c208850,0.093593
c444079,0.777948
c384228,0.630033
c204475,0.207095
c496406,0.164606
c266719,0.095546
c805009,0.053997
c900175,0.975126
c982489,0.732533
c797911,0.822290
c529079,0.914897
c902665,0.491034
c647505,0.019671
c594963,0.339349
c306365,0.338153
c839774,0.162716
c541382,0.657851
c934242,0.834119
c506592,0.221308
c704803,0.847619
c681146,0.213126
c254573,0.841265
c853244,0.793654
c589787,0.027891
c808552,0.197848
c566265,0.779579
c776660,0.138874
c395835,0.262836
c374345,0.110093
c846509,0.927920
c865604,0.409211
c947041,0.138630
c493536,0.046250
c680757,0.931139
c965671,0.073025
c801590,0.189742
c549355,0.929134
c147158,0.717377
c659474,0.127237
c963650,0.017011
c945808,0.122813
c345434,0.755421
c191647,0.313145
c703408,0.880085
c387116,0.071171
c489989,0.957016
c662854,0.189057
c871160,0.889864
c924546,0.222901
c149063,0.063109
c993982,0.637806
c582570,0.791859
c439991,0.550400
c442565,0.318759
c741777,0.792254
c450159,0.112733
c455331,0.526895
c403162,0.232885
c840255,0.963087
c337237,0.094552
c291077,0.211478
c908202,0.738208
c991605,0.208660
c819171,0.851967
c747046,0.901073
c967889,0.797645
c112040,0.837078
c825705,0.112381
c481667,0.455556
c936062,0.114559
c443019,0.676309
c425749,0.207581
c200217,0.192314
c460924,0.745961
c506712,0.828708
c919426,0.318027
c376283,0.352258
c444491,0.952530
c870693,0.184266
c809771,0.319736
c542561,0.128758
c427373,0.118867
c997900,0.652067
c455274,0.822411
c543210,0.114227
c547578,0.899118
c445474,0.373937
c475946,0.467187
c315259,0.374660
c543478,0.043607
c778957,0.913841
c549841,0.265636
c411680,0.054602
c834928,0.648609
c279152,0.137301
c960131,0.072037
c691221,0.193372
c624337,0.166144
c750002,0.831494
c297074,0.140910
c719430,0.873308
c874945,0.050599
c626411,0.320019
c763634,0.947252
c594029,0.166161
c599536,0.155312
c526824,0.176560
c470965,0.736356
c534529,0.947223
c167077,0.209566
c469126,0.202066
c406761,0.129714
c294661,0.308186
c220378,0.253247
c656813,0.358752
c894372,0.110822
c549743,0.217678
c234994,0.567990
c672603,0.349543
c424940,0.079387
c327428,0.084016
c256466,0.173031
c375740,0.209298
c740569,0.151331
c722751,0.815053
c839409,0.030368
c551355,0.977018
c252467,0.486235
c445332,0.156986
c538703,0.087632
c943936,0.479602
c430763,0.866645
c383736,0.788553
c968343,0.891655
c321963,0.193630
c612878,0.230079
c376411,0.320380
c943584,0.954542
c977848,0.163333
c930590,0.818970
c875259,0.158902
c631367,0.395213
c912565,0.788160
c794413,0.062015
c226473,0.962199
c806318,0.141886
c407043,0.721956
c453487,0.193109
c996864,0.937520
c536947,0.153579
c102328,0.131122
c900308,0.561734
c233213,0.287748
c149358,0.126957
c332525,0.822931
c881801,0.926340
c398128,0.176376
c616456,0.924884
c852693,0.716534
c805155,0.876794
c303937,0.266994
c418675,0.254744
c969939,0.140456
c518320,0.095847
c530909,0.076125
c568584,0.237913
c674907,0.671331
c665688,0.486374
c537856,0.846850
c440073,0.545960
c550372,0.133434
c719650,0.104023
c928350,0.133509
c777314,0.103327
c620946,0.487201
c864348,0.442258
c187873,0.637168
c594272,0.876253
c181357,0.453235
c744889,0.333434
c692039,0.062862
c776106,0.169702
c465109,0.103454
c581288,0.110611
c549022,0.245992
c949564,0.244597
c144117,0.024262
c193749,0.233181
c859858,0.096688
c646802,0.921538
c293622,0.878954
c910117,0.101204
c954741,0.794317
c153480,0.064092
c644668,0.100679
c623162,0.561952
c612584,0.219243
c920378,0.018372
c212122,0.923141
c773832,0.156248
c526665,0.892079
c148072,0.824412
c883073,0.394790
c277785,0.158898
c338759,0.873495
c908168,0.145541
c900151,0.256959
c834112,0.222311
c349936,0.205517
c497186,0.142990
c131580,0.083287
c635990,0.631371
c910050,0.201923
c176329,0.124877
c137106,0.145246
c240438,0.098188
c693840,0.906847
c279461,0.018975
c834901,0.117948
c792504,0.074181
c670941,0.139228
c227945,0.208867
c475940,0.199844
c866521,0.878203
c848333,0.179413
c492185,0.407270
c639715,0.753068
c827302,0.161253
c663086,0.162320
c714108,0.015666
c361736,0.232549
c133609,0.912881
c678292,0.026441
c227535,0.234181
c812986,0.836257
c347589,0.160419
c485045,0.641945
c132836,0.102386
c465171,0.161787
c400695,0.203640
c112124,0.923679
c404049,0.025788
c564503,0.054618
c679890,0.171179
c782896,0.949620
c211288,0.077035
c765957,0.037434
c965498,0.973646
c707154,0.611131
c716318,0.144091
c130375,0.280038
c259262,0.271648
c827006,0.021032
c846796,0.568856
c751530,0.235579
c172437,0.142409
c966789,0.419553
c376258,0.060578
c206912,0.368940
c660915,0.124689
c839110,0.408831
c861111,0.284559
c682342,0.155203
c677135,0.140083
c644881,0.927645
c300289,0.931846
c887917,0.290914
c207508,0.063461
c765413,0.693068
c831301,0.769861
c777592,0.101086
c776245,0.947810
c797095,0.297749
c100790,0.679735
c464268,0.910565
c602413,0.176657
c138969,0.823276
c862684,0.311482
c836109,0.135109
c330719,0.083708
c976743,0.565848
c383634,0.248362
c429249,0.890692
c515352,0.305296
c595491,0.889092
c973425,0.770353
c129319,0.187413
c129655,0.342104
c137944,0.947991
c183633,0.186842
c517662,0.862150
c158679,0.351904
c472684,0.282619
c135613,0.214913
c915500,0.090852
c755650,0.931850
c216071,0.091395
c526949,0.171873
c947919,0.048093
c564703,0.154238
c565033,0.685574
c530758,0.690151
c568842,0.014418
c501018,0.888809
c304894,0.813603
c381885,0.802525
c209793,0.161651
c646052,0.245007
c825579,0.808847
c954126,0.682620
c242503,0.376225
c678460,0.127362
c787180,0.098495
c893855,0.958941
c541994,0.243657
c508071,0.084578
c665311,0.928425
c406375,0.097790
c167971,0.195736
c120620,0.109142
c768402,0.851949
c694561,0.191259
c618855,0.847403
c489258,0.032006
c844190,0.827955
c520559,0.109211
c388286,0.016321
c130515,0.149051
c287614,0.790693
c398101,0.090625
c704974,0.249928
c592357,0.215354
c739953,0.223553
c568438,0.259634
c501461,0.964763
c631076,0.114119
c798096,0.075132
c763092,0.869975
c765974,0.139091
c626625,0.059306
c547596,0.928736
c309279,0.881174
c402548,0.173562
c219573,0.361221
c484119,0.564733
c806181,0.270968
c896150,0.981409
c242856,0.264715
c358269,0.893823
c507903,0.967126
c558585,0.042564
c917869,0.214930
c352318,0.112381
c342279,0.643156
c989135,0.022028
c894209,0.047293
c445499,0.364945
c885590,0.077735
c439201,0.936405
c924468,0.155653
c733092,0.250142
c369429,0.081458
c277846,0.975497
c793113,0.148417
c268343,0.473138
c965750,0.180470
c397220,0.203786
c997196,0.917131
c267585,0.947125
c264237,0.297544
c207096,0.851276
c641976,0.140291
c256691,0.286031
c478396,0.188508
c871922,0.350180
c299460,0.731784
c617559,0.632210
c479241,0.273660
c840207,0.197875
c890437,0.773011
c500826,0.144449
c544325,0.686422
c244415,0.860791
c165781,0.159144
c866233,0.629449
c710705,0.208462
c344067,0.326474
c318354,0.970971
c995092,0.278186
c703466,0.431780
c177419,0.348496
c317771,0.058232
c234274,0.138855
c453755,0.220690
c631292,0.148224
c451625,0.139645
c569414,0.571321
c220842,0.021627
c344723,0.442666
c418420,0.196750
c381189,0.311886
c110996,0.098142
c893026,0.846743
c496910,0.028641
c756038,0.165696
c122276,0.458089
c899333,0.207092
c772371,0.752489
c373031,0.104689
c760884,0.202635
c263642,0.095377
c113421,0.016893
c677203,0.094219
c988689,0.173176
c273348,0.917656
c852082,0.062441
c975461,0.350792
c985872,0.886086
c513610,0.946815
c148674,0.185240
c400920,0.873334
c793396,0.359794
c843929,0.820115
c294384,0.860695
c654907,0.018138
c218206,0.292551
c799521,0.104300
c456307,0.154606
c478957,0.712311
c365981,0.821630
c972790,0.797601
c141500,0.869129
c696033,0.208432
c448515,0.138166
c569417,0.219508
c199424,0.430433
c396169,0.294510
c606440,0.072992
c814404,0.205604
c904200,0.096836
c493221,0.015782
c272224,0.922138
c256947,0.904302
c287805,0.096562
c708242,0.285221
c944232,0.834970
c904722,0.063111
c374723,0.824124
c493009,0.480052
c667454,0.143365
c938241,0.112203
c144570,0.231882
c146224,0.260820
c636974,0.692631
c114317,0.115608
c748309,0.231843
c501872,0.469557
c788543,0.900692
c612032,0.491259
c913655,0.309491
c568158,0.606922
c326070,0.253033
c301745,0.341725
c991392,0.240493
c264775,0.453537
c289095,0.157145
c617623,0.835369
c218271,0.251648
c208251,0.169868
c298315,0.937898
c897166,0.757331
c917151,0.187193
c799675,0.909226
c541497,0.884420
c571324,0.892847
c758093,0.149450
c281372,0.684850
c237984,0.613264
c398044,0.082894
c819172,0.176336
c824088,0.191174
c380496,0.928291
c185338,0.726151
c623498,0.096314
c865254,0.546473
c185521,0.348050
c267759,0.506389
c863831,0.137574
c638133,0.692169
c190357,0.109563
c604141,0.471878
c834898,0.143336
c609261,0.145565
c454907,0.100439
c337364,0.208815
c963059,0.130565
c315755,0.204449
c960280,0.092523
c714233,0.268031
c531315,0.927489
c401318,0.800044
c408485,0.187522
c870064,0.344405
c380395,0.011845
c188474,0.121119
c321919,0.830973
c961809,0.895899
c904738,0.138504
c242763,0.144694
c612851,0.909861
c895261,0.313360
c503867,0.936481
c758394,0.065167
c175826,0.967210
c429843,0.225144
c233007,0.939993
c436784,0.107386
c825841,0.537166
c575075,0.147321
c179548,0.087980
c440936,0.358821
c210952,0.725270
c986084,0.021864
c886455,0.895327
c471136,0.754281
c691987,0.876838
c854285,0.200888
c384841,0.233753
c530113,0.232922
c811140,0.654382
c124020,0.348515
c150840,0.099152
c801755,0.010672
c726530,0.243403
c611648,0.342966
c878462,0.859191
c584674,0.775623
c690533,0.020962
c100477,0.212448
c216908,0.514247
c530656,0.291819
c178694,0.218586
c347290,0.984091
c807376,0.368982
c970326,0.144700
c598327,0.386113
c484369,0.019356
c743002,0.313145
c845881,0.063931
c629796,0.056948
c614081,0.164175
c552002,0.886894
c469775,0.930310
c404856,0.865079
c226378,0.255114
c511184,0.046583
c148225,0.180845
c272573,0.230454
c899455,0.121957
c528952,0.195341
c327709,0.120753
c507680,0.142556
c632997,0.875640
c878099,0.165208
c311301,0.094176
c108439,0.178569
c603902,0.795598
c622889,0.250019
c155304,0.236045
c429175,0.309948
c876602,0.053236
c139068,0.838361
c617925,0.747029
c468271,0.534280
c740559,0.253363
c669714,0.241072
c391979,0.199508
c771462,0.170787
c513862,0.071916
c900449,0.670194
c355660,0.961117
c178236,0.760097
c932769,0.157480
c217352,0.688963
c208996,0.162671
c995875,0.276043
c487621,0.843277
c588876,0.786955
c918681,0.799165
c565059,0.363806
c879510,0.714732
c253757,0.248147
c702921,0.480158
c241105,0.249765
c374899,0.789462
c924041,0.040482
c837023,0.070463
c826877,0.092881
c436881,0.942216
c620633,0.139196
c564267,0.899966
c916746,0.108170
c720443,0.046874
c130015,0.877520
c143978,0.849189
c758075,0.408784
c574412,0.363826
c561070,0.160625
c186587,0.911877
c292757,0.202187
c170803,0.941404
c657286,0.250866
c185489,0.162348
c333626,0.189176
c154272,0.073849
c750912,0.944015
c257440,0.518013
c788476,0.052735
c673445,0.598629
c411896,0.383228
c716969,0.279743
c740991,0.209043
c490988,0.667642
c656627,0.818812
c146333,0.100685
c317106,0.292544
c523832,0.018528
c636064,0.115709
c797688,0.114295
c195487,0.257270
c111619,0.184179
c864882,0.788899
c204210,0.018568
c836597,0.100723
c205721,0.159574
c896659,0.356443
c356724,0.327162
c560065,0.703845
c636382,0.467557
c460964,0.118750
c516336,0.138106
c543787,0.384962
c387089,0.316107
c725922,0.111621
c348043,0.201136
c334886,0.062243
c693710,0.231801
c488324,0.204207
c970744,0.392584
c927989,0.564498
c174155,0.103456
c577491,0.893266
c178096,0.077285
c311932,0.124528
c425849,0.180929
c124073,0.964132
c961891,0.829175
c167088,0.228121
c401335,0.056642
c936151,0.033364
c466808,0.117159
c874206,0.775514
c229974,0.559870
c301529,0.159682
c972124,0.088508
c975844,0.361751
c720514,0.686422
c442098,0.182573
c513945,0.945043
c892773,0.101191
c827301,0.728058
c419172,0.877620
c699116,0.026835
c381399,0.398784
c958654,0.151759
c443908,0.731059
c507807,0.092513
c439195,0.192877
c146016,0.835602
c723537,0.072335
c927428,0.239788
c780050,0.316046
c707062,0.300535
c570844,0.140575
c380059,0.039972
c386382,0.241628
c868288,0.548219
c734871,0.100468
c280238,0.184855
c218480,0.826158
c453335,0.272302
c130398,0.920230
c621272,0.164169
c220639,0.117505
c481109,0.363285
c248012,0.122155
c391231,0.044564
c992796,0.218222
c161581,0.488491
c308948,0.243241
c774899,0.947152
c167607,0.817471
c666963,0.885624
c635319,0.583612
c250339,0.929444
c932673,0.943248
c416696,0.555413
c601946,0.910896
c317177,0.588118
c660586,0.857359
c459224,0.222491
c990842,0.743516
c190510,0.767408
c741626,0.913138
c889126,0.955758
c222666,0.053506
c397529,0.519235
c615527,0.054459
c984317,0.514884
c289822,0.222793
c704202,0.153063
c196524,0.445928
c481209,0.887755
c358904,0.242149
c316798,0.706655
c762132,0.250594
c150163,0.580216
c205379,0.494876
c859123,0.670937
c219569,0.755851
c294666,0.618924
c708547,0.693021
c578474,0.161541
c197708,0.111456
c715474,0.156823
c387719,0.198104
c634281,0.687262
c233838,0.838764
c148112,0.827662
c194166,0.059338
c427282,0.057608
c634893,0.510678
c438339,0.317573
c276608,0.012060
c840238,0.137837
c904952,0.554094
c680114,0.953143
c181468,0.217253
c457309,0.334591
c647128,0.129658
c409150,0.773625
c957846,0.816405
c920487,0.803405
c454700,0.931090
c700831,0.514917
c710502,0.222519
c172731,0.872737
c170735,0.526893
c975753,0.698462
c774808,0.757291
c162676,0.233878
c277541,0.837222
c863825,0.910742
c596983,0.180568
c564483,0.546018
c609943,0.326816
c727520,0.535898
c573039,0.236200
c132738,0.264838
c176826,0.586664
c613587,0.128208
c625273,0.826503
c973525,0.711182
c387299,0.121481
c175144,0.233652
c563722,0.282261
c556610,0.872825
c612223,0.495847
c446401,0.403976
c195613,0.102093
c219071,0.198372
c911479,0.808550
c833190,0.924152
c622639,0.120002
c824677,0.055326
c877223,0.107105
c112679,0.821630
c883737,0.277154
c346377,0.680122
c202254,0.212119
c206166,0.310864
c303127,0.967087
c438843,0.125570
c811144,0.905117
c591006,0.092693
c593617,0.652961
c614862,0.309469
c518986,0.129682
c676807,0.135362
c725647,0.351729
c207438,0.108190
c661615,0.509440
c508570,0.179893
c897064,0.893013
c457024,0.532344
c756608,0.126089
c157288,0.136944
c300236,0.158197
c575018,0.123064
c730274,0.073151
c219905,0.090223
c134281,0.211116
c364067,0.168391
c216191,0.010094
c602049,0.083709
c759474,0.856567
c779054,0.090344
c391236,0.981272
c309556,0.363319
c190963,0.961866
c998521,0.462454
c893174,0.887106
c305529,0.281993
c828250,0.865020
c379687,0.180316
c695158,0.093775
c497668,0.958420
c694322,0.395325
c611771,0.513795
c692857,0.210553
c195212,0.811545
c425078,0.075857
c694716,0.536262
c368363,0.754217
c337493,0.701173
c279405,0.186687
c466945,0.136541
c740574,0.102214
c114777,0.273634
c134940,0.634257
c667026,0.342011
c696674,0.204535
c576198,0.154058
c841828,0.043334
c313612,0.080929
c358106,0.797074
c628755,0.244529
c306420,0.793655
c408818,0.098178
c169484,0.067959
c194005,0.101960
c269176,0.912807
c828875,0.412399
c224359,0.268512
c618077,0.113671
